fname,lname,minitial,email,phone_number,address,zip,city
CHRISTIAN,BRIGGS,V,briggschristian@yahoo.com,6050981490,67 UNNAMED 129,33880,WINTER HAVEN
NICHOLAS,LONG,N,longnicholas@hotmail.com,9276263900,166 PATTERSON ST,34242,SARASOTA
JARED,YODER,R,yoderjared@hotmail.com,8257233760,253 HAMLIN ST,32355,SAINT MARKS
HUGO,BRADY,W,bradyhugo@yahoo.com,9666425970,117 RODGERS ST,33616,TAMPA
ELIYAHU,ERICKSON,X,ericksoneliyahu@hotmail.com,7352490280,47 VASSAR PL,33781,PINELLAS PARK
ANTHONY,PROCTOR,P,proctoranthony@outlook.com,7732782710,288 UNNAMED 044,32750,LONGWOOD
ADAN,ARCHER,L,archeradan@outlook.com,9765930380,258 CLARENDON AVE,33550,MANGO
ESTY,SMALL,U,smallesty@hotmail.com,7765293670,137 BOCANA ST,34434,DUNNELLON
ZOEY,FLYNN,F,flynnzoey@hotmail.com,8822319400,47 UNNAMED ST,32446,MARIANNA
ABRAHAM,GARRISON,O,garrisonabraham@gmail.com,6619012420,292 RIDGEWOOD AVE,32615,ALACHUA
MADELINE,TURNER,I,turnermadeline@hotmail.com,7001137660,199 APPAREL WAY,34753,MASCOTTE
ZOE,TERRY,H,terryzoe@hotmail.com,7989328750,147 PARK ST,32603,GAINESVILLE
BRANDON,WIGGINS,O,wigginsbrandon@outlook.com,9229570350,205 PELICAN COVE TER,34216,ANNA MARIA
TYLER,BRADLEY,X,bradleytyler@hotmail.com,7398633230,149 HOLYOKE ST,33756,CLEARWATER
ANGELO,BALLARD,C,ballardangelo@outlook.com,6103769320,191 SAINT FRANCIS PL,32259,SAINT JOHNS
CHARLES,HART,D,hartcharles@gmail.com,7077550060,106 SHAFTER AVE,34215,CORTEZ
JAYCEON,TRUJILLO,C,trujillojayceon@yahoo.com,8842274170,236 VERNON ST,32405,PANAMA CITY
JOSE,RAMOS,A,ramosjose@gmail.com,8567563930,174 BATTERY BLANEY RD,33549,LUTZ
ANDREW,EWING,W,ewingandrew@gmail.com,9891208640,293 SAN BRUNO AV OFF RAMP,34772,SAINT CLOUD
KAI,ONEAL,F,onealkai@gmail.com,9447810680,31 MERLIN ST,32212,JACKSONVILLE
MAXWELL,ROACH,W,roachmaxwell@gmail.com,6146450990,182 CRYSTAL ST,33156,MIAMI
KATE,GUZMAN,A,guzmankate@outlook.com,6199279760,289 ROSCOE ST,33898,LAKE WALES
JIMENA,HUNT,X,huntjimena@hotmail.com,7546474400,289 LAUSSAT ST,33907,FORT MYERS
AARON,BLANCHARD,E,blanchardaaron@yahoo.com,7178614930,236 MCCORMICK ST,34734,GOTHA
FAIGY,BARRERA,O,barrerafaigy@yahoo.com,7276458890,122 COVENTRY LN,33849,KATHLEEN
LIANA,GRANT,R,grantliana@gmail.com,8291574700,283 SAN JACINTO WAY,34613,BROOKSVILLE
YARETZI,HUFFMAN,V,huffmanyaretzi@gmail.com,8957128600,198 LORI LN,33838,DUNDEE
MARCUS,SHARP,U,sharpmarcus@yahoo.com,6288938110,99 HENRY ADAMS ST,32071,O'BRIEN
HINDA,LONG,X,longhinda@gmail.com,7836891940,41 LASKIE ST,33154,MIAMI BEACH
ALEXIS,SPEARS,O,spearsalexis@outlook.com,8691694180,267 GIBBON LN,33434,BOCA RATON
FELIX,GAY,O,gayfelix@hotmail.com,9266541810,125 MANSFIELD ST,33856,NALCREST
LEONARDO,GARRETT,F,garrettleonardo@yahoo.com,8225500720,48 SPARROW ST,33763,CLEARWATER
JULIET,MCGEE,E,mcgeejuliet@gmail.com,6267788920,28 HAVENS ST,32542,EGLIN AFB
JENNIFER,OCONNELL,R,oconnelljennifer@outlook.com,6928460900,259 EDWARD ST,33525,DADE CITY
JACKSON,MANNING,S,manningjackson@gmail.com,8100030250,128 JESSIE WEST ST,32681,ORANGE LAKE
MADELINE,MIRANDA,D,mirandamadeline@hotmail.com,7257741390,218 BAY SHORE BLVD,32025,LAKE CITY
JERMAINE,JOSEPH,B,josephjermaine@gmail.com,7070237170,285 SAINT FRANCIS BLVD,33530,DURANT
ISMAEL,ROCHA,V,rochaismael@hotmail.com,9133881390,298 TOLL PLAZA TUNNEL,32570,MILTON
MYLES,TYLER,N,tylermyles@yahoo.com,6192387090,165 COLLEGE AVE,32569,MARY ESTHER
YITZCHAK,WOLF,M,wolfyitzchak@yahoo.com,9297598310,11 TINGLEY ST,32726,EUSTIS
TAYLOR,BENSON,Q,bensontaylor@hotmail.com,8557924510,7 GRIFFITH ST,32503,PENSACOLA
AIDAN,MCBRIDE,D,mcbrideaidan@gmail.com,7045792390,23 CORONADO ST,32187,SAN MATEO
AISSATOU,RAYMOND,U,raymondaissatou@outlook.com,7545248830,162 SARGENT ST,32571,MILTON
ASHTON,ZIMMERMAN,O,zimmermanashton@hotmail.com,7155207910,276 THOMAS MORE WAY,32210,JACKSONVILLE
PATRICK,ROBERTSON,L,robertsonpatrick@yahoo.com,9274219140,270 BURNS PL,32805,ORLANDO
GERALDINE,PACE,C,pacegeraldine@outlook.com,6322868870,148 STEINER ST,33438,CANAL POINT
HANNAH,HORTON,E,hortonhannah@outlook.com,6206871370,260 ARAGO ST,33149,KEY BISCAYNE
ADRIAN,LI,U,liadrian@gmail.com,7266888230,97 CAINE AVE,32009,BRYCEVILLE
ISABELLE,MALONE,C,maloneisabelle@hotmail.com,9677933140,124 RAMSEL CT,33189,MIAMI
PARKER,MURPHY,J,murphyparker@gmail.com,6217445170,157 SAN FERNANDO WAY,32563,GULF BREEZE
SELENA,MOONEY,M,mooneyselena@yahoo.com,6915882150,242 25TH AVE,34104,NAPLES
QUINN,ROSARIO,L,rosarioquinn@hotmail.com,8012093250,296 CONVERSE ST,34217,BRADENTON BEACH
ROY,FLOYD,T,floydroy@outlook.com,8774717870,292 UPPER SERVICE RD,33825,AVON PARK
SYLVIE,CARSON,C,carsonsylvie@gmail.com,7867005760,119 GATEVIEW AVE,33843,FROSTPROOF
EDWIN,MACIAS,J,maciasedwin@yahoo.com,9868891280,150 SAN JUAN AVE,33872,SEBRING
RUBY,QUINN,D,quinnruby@gmail.com,7318501320,9 SERGEANT JOHN V YOUNG ST,33530,DURANT
NINA,HAMILTON,S,hamiltonnina@hotmail.com,7051332610,172 GIRARD ST,32612,GAINESVILLE
WILLIAM,TAYLOR,S,taylorwilliam@hotmail.com,9815794280,109 TRADER VIC ALY,34240,SARASOTA
ZAYAN,HERRING,X,herringzayan@hotmail.com,8812682290,248 AVENUE B,33469,JUPITER
ISABELLA,KEMP,F,kempisabella@outlook.com,6749898040,117 38TH AVE,33127,MIAMI
GABRIELA,HO,E,hogabriela@gmail.com,8365518370,161 HAYS ST,33543,WESLEY CHAPEL
MAEVE,KNIGHT,W,knightmaeve@hotmail.com,6894406120,112 EAST BEACH RD,34239,SARASOTA
ITZEL,NGUYEN,R,nguyenitzel@hotmail.com,6894838370,297 MERRIAM LN,34285,VENICE
LEON,HEBERT,F,hebertleon@yahoo.com,7539673550,207 EVERSON ST,34762,THE VILLAGES
AIDEN,COOPER,P,cooperaiden@outlook.com,7636185640,163 TEHAMA ST,33019,HOLLYWOOD
ADRIAN,BOYLE,A,boyleadrian@outlook.com,6278733660,298 WILMOT ST,33541,ZEPHYRHILLS
AYESHA,MOSLEY,B,mosleyayesha@yahoo.com,9549825130,215 MOFFITT ST,33430,BELLE GLADE
AHRON,GARRETT,N,garrettahron@gmail.com,9055336180,257 SLOAN ALY,32082,PONTE VEDRA BEACH
JAMIE,MARQUEZ,Q,marquezjamie@gmail.com,8004879620,190 OAK PARK DR,33839,EAGLE LAKE
SOFIA,FORD,P,fordsofia@yahoo.com,8194402670,237 AVENUE H,34972,OKEECHOBEE
RICHARD,MCMILLAN,A,mcmillanrichard@gmail.com,8611569870,276 UPTON AVE,32565,JAY
SAMARA,GILL,K,gillsamara@outlook.com,9958783060,68 APPLETON ST,32966,VERO BEACH
ADRIAN,HARRINGTON,S,harringtonadrian@hotmail.com,9796700460,135 GRAYSTONE TER,33624,TAMPA
LUZ,ARROYO,L,arroyoluz@yahoo.com,6675924490,287 VERNON ST,34797,YALAHA
JENNY,NOBLE,U,noblejenny@gmail.com,9469807570,111 SAGAMORE ST,33890,ZOLFO SPRINGS
NATHANIEL,PETERS,X,petersnathaniel@yahoo.com,7728009910,209 LAFAYETTE ST,32751,MAITLAND
OLIVER,KNAPP,K,knappoliver@yahoo.com,7760829710,97 TEHAMA ST,33708,SAINT PETERSBURG
MIA,COOK,H,cookmia@gmail.com,8131333740,245 SPEAR AVE,34293,VENICE
ROGER,HURST,Q,hurstroger@yahoo.com,9855249540,287 SAN JOSE AVE,34135,BONITA SPRINGS
JASPER,WARREN,F,warrenjasper@outlook.com,9735856850,4 MISSION BAY CIR,32530,BAGDAD
NICOLETTE,STONE,T,stonenicolette@gmail.com,9868082470,112 MABREY CT,32192,SPARR
YERIK,VELAZQUEZ,F,velazquezyerik@outlook.com,6648401530,41 STRATFORD DR,34275,NOKOMIS
ANGELINA,GRANT,N,grantangelina@hotmail.com,9370725890,261 SUNGLOW LN,32905,PALM BAY
ABEL,STEELE,O,steeleabel@hotmail.com,6821109760,238 LITTLEFIELD TER,34786,WINDERMERE
LIANA,VAZQUEZ,M,vazquezliana@yahoo.com,8006964440,161 GREAT HWY,32139,GEORGETOWN
JACQUELINE,WYATT,F,wyattjacqueline@outlook.com,6806917850,19 MORAGA AVE,33856,NALCREST
DERRICK,KNAPP,P,knappderrick@outlook.com,6480412970,47 BELL CT,32570,MILTON
GIOVANNI,STRONG,P,stronggiovanni@yahoo.com,7256670860,100 RAWLES ST,32206,JACKSONVILLE
CHAIM,CAREY,E,careychaim@gmail.com,7788284590,244 NAHUA AVE,34743,KISSIMMEE
LEON,TOWNSEND,M,townsendleon@outlook.com,7819001160,241 EDWARD ST,33178,MIAMI
SIMONE,CORDOVA,H,cordovasimone@outlook.com,7001865870,128 BOWLEY ST,32968,VERO BEACH
MILAN,WHITEHEAD,R,whiteheadmilan@yahoo.com,9677576260,69 SUMMIT WAY,32504,PENSACOLA
ANGELINA,WALLER,H,wallerangelina@hotmail.com,7228508810,25 MINNA ST,33308,FORT LAUDERDALE
PEYTON,NIXON,A,nixonpeyton@hotmail.com,7663840210,45 BERNICE ST,33001,LONG KEY
JANICE,GOODWIN,I,goodwinjanice@gmail.com,6358347460,274 CARSON ST,33896,DAVENPORT
EMILIO,LYONS,G,lyonsemilio@yahoo.com,8010656400,225 HOLLYWOOD CT,34473,OCALA
SADIE,SANFORD,V,sanfordsadie@yahoo.com,9331345400,56 OGDEN AVE,33473,BOYNTON BEACH
MIRIAM,ODOM,S,odommiriam@yahoo.com,6874863040,25 JACK KEROUAC ALY,33016,HIALEAH
RAYAN,COBB,L,cobbrayan@gmail.com,7966908670,21 WOODWARD ST,33180,MIAMI
JULIET,BAIRD,H,bairdjuliet@gmail.com,7619581640,123 GEORGE CT,34293,VENICE
CHRISTIAN,MCDONALD,E,mcdonaldchristian@gmail.com,9023087180,240 RAYBURN ST,33139,MIAMI BEACH
BAILA,STEWART,S,stewartbaila@outlook.com,9487213220,27 GLADSTONE DR,33844,HAINES CITY
BRIANA,RODRIGUEZ,L,rodriguezbriana@gmail.com,6829844910,3 HOWTH ST,32653,GAINESVILLE
SIENNA,KOCH,C,kochsienna@outlook.com,6235172870,17 BERNICE ST,33068,POMPANO BEACH
MARIAM,DUNLAP,P,dunlapmariam@outlook.com,8198084330,24 NUEVA AVE,34113,NAPLES
ELLIS,MONTES,J,montesellis@yahoo.com,7853897030,184 REEVES CT,33904,CAPE CORAL
MAXIMUS,MAYO,H,mayomaximus@yahoo.com,6524613430,269 VELASCO AVE,34142,IMMOKALEE
MARCOS,VASQUEZ,A,vasquezmarcos@outlook.com,7705056970,174 HOLLISTER AVE,32605,GAINESVILLE
DAMIAN,CRANE,O,cranedamian@gmail.com,7743573940,74 UNIVERSITY ST,32511,PENSACOLA
CARMELO,PADILLA,L,padillacarmelo@outlook.com,8562536890,58 SPEAR AVE,32512,PENSACOLA
ELIJAH,KEMP,Q,kempelijah@outlook.com,7057659590,190 FOWLER AVE,33867,RIVER RANCH
ANAYA,MEDINA,J,medinaanaya@outlook.com,6602936430,232 BALTIMORE WAY,32211,JACKSONVILLE
ANISA,MORA,V,moraanisa@hotmail.com,8520268730,172 FREDSON CT,32439,FREEPORT
STELLA,NORRIS,P,norrisstella@hotmail.com,8895703550,47 ROBINSON DR,32541,DESTIN
GIANNA,DUDLEY,H,dudleygianna@yahoo.com,8997258350,11 CAPP ST,34434,DUNNELLON
KAYLA,STAFFORD,B,staffordkayla@outlook.com,9033415050,184 LEROY PL,32351,QUINCY
JERRY,HOWE,M,howejerry@outlook.com,6763384280,61 ANDERSON ST,33460,LAKE WORTH BEACH
YOSEF,FIELDS,I,fieldsyosef@gmail.com,8070615320,41 MALOSI ST,32096,WHITE SPRINGS
SHULEM,STRONG,D,strongshulem@yahoo.com,7665327500,274 RINCON ST,33469,JUPITER
SELINA,BERNARD,D,bernardselina@outlook.com,9948790500,179 JOICE ST,32816,ORLANDO
OMAR,GLENN,N,glennomar@hotmail.com,6663445560,258 MILEY ST,32440,GRACEVILLE
KARTER,ROCHA,J,rochakarter@yahoo.com,7220844990,265 MELRA CT,32744,LAKE HELEN
JACKSON,ALI,O,alijackson@hotmail.com,6385514620,285 GREENOUGH AVE,34428,CRYSTAL RIVER
ALONDRA,CAIN,Q,cainalondra@hotmail.com,6158352750,101 GEORGE CT,34120,NAPLES
MACKENZIE,HIGGINS,C,higginsmackenzie@outlook.com,6259605170,120 SCHOOL ALY,32058,LAWTEY
NATHANIEL,BRENNAN,E,brennannathaniel@outlook.com,8540575350,239 DORADO TER,33013,HIALEAH
NECHAMA,MCKEE,G,mckeenechama@gmail.com,6917426760,217 HARRISON BLVD,32730,CASSELBERRY
ALBERT,DYER,T,dyeralbert@hotmail.com,9209352620,154 MARCELA AVE,32612,GAINESVILLE
SARAH,LANE,R,lanesarah@hotmail.com,8131953980,53 SECOND DR,32548,FORT WALTON BEACH
JORDYN,MITCHELL,X,mitchelljordyn@yahoo.com,8346785590,270 EVERSON ST,32403,PANAMA CITY
CATALEYA,BULLOCK,R,bullockcataleya@outlook.com,6649568410,171 REARDON RD,32443,GREENWOOD
AARON,FLEMING,V,flemingaaron@outlook.com,7270702600,44 UPPER SERVICE RD,34108,NAPLES
MAXWELL,LYNN,H,lynnmaxwell@hotmail.com,8632585140,47 LORI LN,32208,JACKSONVILLE
MAEVE,VALDEZ,S,valdezmaeve@gmail.com,8550125490,283 PRESIDIO BLVD,32759,OAK HILL
LEAH,JENSEN,X,jensenleah@outlook.com,8478700640,137 ARAGO ST,33976,LEHIGH ACRES
KATIE,KENNEDY,B,kennedykatie@outlook.com,6719437440,246 UNNAMED 052,33063,POMPANO BEACH
ELI,BRIDGES,Q,bridgeseli@hotmail.com,6100153000,293 INCA LN,33974,LEHIGH ACRES
AVROHOM,JAMES,M,jamesavrohom@yahoo.com,9282153290,159 MINNA ST,33405,WEST PALM BEACH
COLIN,DAVIDSON,F,davidsoncolin@outlook.com,6407585510,165 BOYNTON CT,34957,JENSEN BEACH
AARON,ARNOLD,T,arnoldaaron@yahoo.com,7365384400,39 ALMA ST,33624,TAMPA
EDWARD,REED,K,reededward@outlook.com,8702116330,168 BALHI CT,32922,COCOA
CHEYENNE,BELTRAN,J,beltrancheyenne@hotmail.com,9695392080,287 LEIDESDORFF ST,32212,JACKSONVILLE
AISHA,DONOVAN,N,donovanaisha@hotmail.com,8192379350,273 OLORAN AVE,32332,GRETNA
GAVIN,TERRELL,M,terrellgavin@outlook.com,7174993500,20 PACHECO ST,33323,FORT LAUDERDALE
JONAH,HOLT,L,holtjonah@gmail.com,6661525650,161 PRESIDIO BLVD,34450,INVERNESS
ARIA,KIRK,A,kirkaria@yahoo.com,8185817980,144 EUREKA ST,32330,GREENSBORO
VIVIAN,STEPHENSON,K,stephensonvivian@outlook.com,9703817990,58 TUNNEL AVE,32693,TRENTON
KEVIN,FROST,O,frostkevin@hotmail.com,9834129650,93 WASHINGTON ST,33594,VALRICO
MICHAEL,HOLDEN,F,holdenmichael@outlook.com,7758537100,107 NEWBURG ST,32139,GEORGETOWN
JOEL,BOONE,A,boonejoel@yahoo.com,9836957540,169 KISSLING ST,32132,EDGEWATER
ALEX,GORDON,H,gordonalex@yahoo.com,8559658480,278 MOFFITT ST,33705,SAINT PETERSBURG
EVA,BROOKS,V,brookseva@yahoo.com,6761076740,232 MULLEN AVE,34974,OKEECHOBEE
JOEL,FROST,A,frostjoel@yahoo.com,6910179590,79 BEALE ST,33127,MIAMI
AMAIA,EVANS,I,evansamaia@hotmail.com,6246454300,164 DIRK DIRKSEN PL,34488,SILVER SPRINGS
JARED,WILKINSON,V,wilkinsonjared@hotmail.com,6511176120,113 ORIOLE WAY,34201,BRADENTON
NOSSON,PHELPS,E,phelpsnosson@yahoo.com,9020783220,202 WOODHAVEN CT,32463,WAUSAU
LUKE,CONWAY,J,conwayluke@gmail.com,8303161260,71 FRANK NORRIS ST,32427,CARYVILLE
DENZEL,KENT,B,kentdenzel@gmail.com,8297765040,268 TUNNEL AVE,33194,MIAMI
SEAN,MCCOY,X,mccoysean@yahoo.com,8241222270,243 17TH ST,32322,CARRABELLE
AURORA,BATES,P,batesaurora@hotmail.com,8288286610,278 ARGUELLO BLVD,33141,MIAMI BEACH
AYDEN,WILSON,W,wilsonayden@outlook.com,7846918280,284 BAY SHORE BLVD,32060,LIVE OAK
AMAYA,ROGERS,P,rogersamaya@hotmail.com,7387044670,113 LIPPARD AVE,33594,VALRICO
MATIAS,KING,R,kingmatias@outlook.com,8976218390,181 GIANTS DR,33852,LAKE PLACID
JAKE,CONTRERAS,H,contrerasjake@outlook.com,9397049740,44 HUTCHINS CT,32656,KEYSTONE HEIGHTS
OMARI,POOLE,U,pooleomari@yahoo.com,6486160120,92 07TH AVE,32159,LADY LAKE
JULIUS,SLOAN,H,sloanjulius@yahoo.com,6657080880,220 MERCATO CT,34293,VENICE
JOEL,STEVENS,V,stevensjoel@outlook.com,9996494790,198 MORTON ST,32164,PALM COAST
AIDAN,MOODY,P,moodyaidan@outlook.com,6899936230,263 DOCK ST,33142,MIAMI
CHARLES,TORRES,Q,torrescharles@hotmail.com,6558802680,123 GOLETA AVE,32501,PENSACOLA
CHLOE,ORR,S,orrchloe@hotmail.com,7602160280,74 TREAT LN,32816,ORLANDO
IBRAHIMA,BRANCH,T,branchibrahima@gmail.com,6225719610,296 ELSIE ST,34785,WILDWOOD
ZACHARY,MCINTOSH,B,mcintoshzachary@yahoo.com,8203922850,249 GILBERT ST,33316,FORT LAUDERDALE
JANICE,CAMPOS,D,camposjanice@outlook.com,6239997310,99 AVENUE H,33019,HOLLYWOOD
BASYA,WOOD,A,woodbasya@yahoo.com,9937673380,267 SUNSET BLVD OFF RAMP,33803,LAKELAND
ANGELA,PALMER,B,palmerangela@yahoo.com,8639733980,123 HARNEY WAY,33611,TAMPA
EVAN,CALDERON,E,calderonevan@hotmail.com,7936766670,100 FISHER ALY,33125,MIAMI
STEVEN,COX,R,coxsteven@gmail.com,7842971870,36 LEAVENWORTH ST,34758,KISSIMMEE
GABRIEL,LIVINGSTON,A,livingstongabriel@gmail.com,7517501750,19 LUDLOW ALY,33462,LAKE WORTH
JAYSON,SOLIS,M,solisjayson@hotmail.com,7568481980,103 CHICAGO WAY,32804,ORLANDO
ELEANOR,CAMPOS,L,camposeleanor@yahoo.com,9334302910,119 WISCONSIN ST,32608,GAINESVILLE
DANIELA,TRAN,U,trandaniela@hotmail.com,6529476230,233 COMMERCIAL ST,34429,CRYSTAL RIVER
GRAHAM,WHITNEY,P,whitneygraham@yahoo.com,6418665330,214 IOWA ST,34746,KISSIMMEE
MILAN,CHUNG,L,chungmilan@outlook.com,9330603810,124 NORTHGATE DR,32934,MELBOURNE
MARIA,HO,P,homaria@hotmail.com,7622743380,221 LIVINGSTON ST,33851,LAKE HAMILTON
RAFAEL,HIGGINS,L,higginsrafael@gmail.com,7996726630,252 FAITH ST,32544,HURLBURT FIELD
FAIGY,MACDONALD,J,macdonaldfaigy@hotmail.com,6551202130,52 CROSS ST,32179,OCKLAWAHA
JUDE,WILKINSON,N,wilkinsonjude@hotmail.com,9732939460,155 SUNSET BLVD OFF RAMP,32714,ALTAMONTE SPRINGS
DECLAN,GREER,E,greerdeclan@gmail.com,7873734830,293 UPLAND DR,33145,MIAMI
DOMINICK,MCKINNEY,I,mckinneydominick@hotmail.com,8837302430,28 BOALT ST,32211,JACKSONVILLE
ITZEL,HINES,D,hinesitzel@hotmail.com,6908902480,37 GREENOUGH AVE,34114,NAPLES
VICTOR,FOWLER,W,fowlervictor@outlook.com,9137245620,267 MCRAE ST,33931,FORT MYERS BEACH
XAVIER,WEAVER,B,weaverxavier@gmail.com,8320274610,45 BALANCE ST,33470,LOXAHATCHEE
INAYA,SHAFFER,X,shafferinaya@gmail.com,6570709580,273 BRICE TER,32664,MCINTOSH
EDWIN,REILLY,N,reillyedwin@gmail.com,8635964730,276 MIGUEL ST,32612,GAINESVILLE
CLAIRE,KING,L,kingclaire@hotmail.com,6777009210,53 GLENVIEW DR,33161,MIAMI
JESUS,FORBES,W,forbesjesus@gmail.com,7745250130,258 COMMONWEALTH AVE,33952,PORT CHARLOTTE
MORDECHAI,GAMBLE,R,gamblemordechai@outlook.com,7753325800,94 PENNSYLVANIA AVE,32426,CAMPBELLTON
MACKENZIE,COX,F,coxmackenzie@yahoo.com,8977416760,53 DONNER AVE,34103,NAPLES
GREGORY,DICKSON,U,dicksongregory@hotmail.com,8276456850,271 PERASTO AVE,34139,EVERGLADES CITY
ADELE,MONROE,G,monroeadele@hotmail.com,8249236120,80 FELIX AVE,33913,FORT MYERS
